States/UTs,Year,CrimeHead,Male_below 14 years,Male_60 years & above,Male_Total,Female_below 14 years,Female_60 years & above,Female_Total,Transgender_below 14 years,Transgender_60 years & above,Transgender_Total,Grand Total
Andhra Pradesh,2014,By consuming Sleeping Pills,0,3,59,0,3,36,0,0,0,95
Andhra Pradesh,2014,By Drowning,3,11,113,1,10,110,0,0,0,223
Andhra Pradesh,2014,By Fire/Self Immolation,1,5,177,7,20,271,0,0,0,448
Andhra Pradesh,2014,By Firearms,0,1,13,0,2,15,0,0,0,28
Andhra Pradesh,2014,By Hanging,4,39,1039,8,6,461,0,0,0,1500
Andhra Pradesh,2014,By Poison,5,147,1860,10,46,721,0,0,0,2581
Andhra Pradesh,2014,By Consuming Insecticides,0,63,749,3,19,210,0,0,0,959
Andhra Pradesh,2014,By Consuming other Poison,5,84,1111,7,27,511,0,0,0,1622
Andhra Pradesh,2014,By Self inflicting  Injury,0,2,9,0,0,2,0,0,0,11
Andhra Pradesh,2014,By Jumping from,0,1,12,0,0,4,0,0,0,16
Andhra Pradesh,2014,Building,0,1,7,0,0,2,0,0,0,9
Andhra Pradesh,2014,Other sites,0,0,5,0,0,2,0,0,0,7
Andhra Pradesh,2014,By Jumping off moving trains/vehicles,0,0,0,0,0,0,0,0,0,0
Andhra Pradesh,2014,By Coming under running vehicles/trains,0,57,549,0,8,61,0,0,1,611
Andhra Pradesh,2014,By touching electric wire,0,1,5,0,0,0,0,0,0,5
Andhra Pradesh,2014,By Other means,6,34,384,10,9,199,0,0,0,583
Arunachal Pradesh,2014,By consuming Sleeping Pills,0,0,0,0,0,0,0,0,0,0
Arunachal Pradesh,2014,By Drowning,0,0,9,0,0,0,0,0,0,9
Arunachal Pradesh,2014,By Fire/Self Immolation,0,0,1,0,0,0,0,0,0,1
Arunachal Pradesh,2014,By Firearms,0,0,3,0,0,0,0,0,0,3
Arunachal Pradesh,2014,By Hanging,2,0,55,2,0,36,0,0,0,91
Arunachal Pradesh,2014,By Poison,0,0,3,0,0,5,0,0,0,8
Arunachal Pradesh,2014,By Consuming Insecticides,0,0,0,0,0,2,0,0,0,2
Arunachal Pradesh,2014,By Consuming other Poison,0,0,3,0,0,3,0,0,0,6
Arunachal Pradesh,2014,By Self inflicting  Injury,0,1,2,0,0,1,0,0,0,3
Arunachal Pradesh,2014,By Jumping from,0,0,2,0,0,0,0,0,0,2
Arunachal Pradesh,2014,Building,0,0,0,0,0,0,0,0,0,0
Arunachal Pradesh,2014,Other sites,0,0,1,0,0,0,0,0,0,1
Arunachal Pradesh,2014,By Jumping off moving trains/vehicles,0,0,1,0,0,0,0,0,0,1
Arunachal Pradesh,2014,By Coming under running vehicles/trains,0,0,0,0,0,0,0,0,0,0
Arunachal Pradesh,2014,By touching electric wire,0,0,0,0,0,0,0,0,0,0
Arunachal Pradesh,2014,By Other means,2,1,35,0,0,4,0,0,0,39
Assam,2014,By consuming Sleeping Pills,0,0,0,0,0,0,0,0,0,0
Assam,2014,By Drowning,1,6,327,1,1,106,0,0,0,433
Assam,2014,By Fire/Self Immolation,0,0,29,0,0,49,0,0,0,78
Assam,2014,By Firearms,0,1,4,0,0,0,0,0,0,4
Assam,2014,By Hanging,4,32,1339,0,6,546,0,0,0,1885
Assam,2014,By Poison,0,6,256,0,0,167,0,0,0,423
Assam,2014,By Consuming Insecticides,0,0,20,0,0,12,0,0,0,32
Assam,2014,By Consuming other Poison,0,6,236,0,0,155,0,0,0,391
Assam,2014,By Self inflicting  Injury,0,0,0,0,0,0,0,0,0,0
Assam,2014,By Jumping from,0,0,19,0,0,2,0,0,0,21
Assam,2014,Building,0,0,0,0,0,0,0,0,0,0
Assam,2014,Other sites,0,0,11,0,0,1,0,0,0,12
Assam,2014,By Jumping off moving trains/vehicles,0,0,8,0,0,1,0,0,0,9
Assam,2014,By Coming under running vehicles/trains,0,6,82,0,0,19,0,0,0,101
Assam,2014,By touching electric wire,0,0,49,0,0,2,0,0,0,51
Assam,2014,By Other means,2,8,405,3,3,145,0,0,0,550
Bihar,2014,By consuming Sleeping Pills,0,0,19,1,0,7,0,0,0,26
Bihar,2014,By Drowning,2,0,40,1,0,27,0,0,0,67
Bihar,2014,By Fire/Self Immolation,2,0,14,0,0,39,0,0,0,53
Bihar,2014,By Firearms,0,0,7,0,0,0,0,0,0,7
Bihar,2014,By Hanging,4,1,125,2,1,102,0,0,0,227
Bihar,2014,By Poison,0,0,58,0,0,52,0,0,0,110
Bihar,2014,By Consuming Insecticides,0,0,36,0,0,34,0,0,0,70
Bihar,2014,By Consuming other Poison,0,0,22,0,0,18,0,0,0,40
Bihar,2014,By Self inflicting  Injury,0,0,1,0,0,2,0,0,0,3
Bihar,2014,By Jumping from,0,0,1,0,0,3,0,0,0,4
Bihar,2014,Building,0,0,1,0,0,0,0,0,0,1
Bihar,2014,Other sites,0,0,0,0,0,0,0,0,0,0
Bihar,2014,By Jumping off moving trains/vehicles,0,0,0,0,0,3,0,0,0,3
Bihar,2014,By Coming under running vehicles/trains,0,0,0,0,0,0,0,0,0,0
Bihar,2014,By touching electric wire,0,0,9,0,0,0,0,0,0,9
Bihar,2014,By Other means,3,53,148,0,1,65,0,0,0,213
Chhattisgarh,2014,By consuming Sleeping Pills,0,2,15,0,0,6,0,0,0,21
Chhattisgarh,2014,By Drowning,3,9,54,1,4,34,0,0,0,88
Chhattisgarh,2014,By Fire/Self Immolation,4,9,216,5,17,421,0,0,0,637
Chhattisgarh,2014,By Firearms,0,1,13,0,0,0,0,0,0,13
Chhattisgarh,2014,By Hanging,24,109,2112,13,43,730,0,0,0,2842
Chhattisgarh,2014,By Poison,15,80,940,14,35,554,0,0,0,1494
Chhattisgarh,2014,By Consuming Insecticides,5,49,456,5,20,288,0,0,0,744
Chhattisgarh,2014,By Consuming other Poison,10,31,484,9,15,266,0,0,0,750
Chhattisgarh,2014,By Self inflicting  Injury,0,2,10,0,2,8,0,0,0,18
Chhattisgarh,2014,By Jumping from,0,2,73,0,1,20,0,0,0,93
Chhattisgarh,2014,Building,0,0,9,0,0,1,0,0,0,10
Chhattisgarh,2014,Other sites,0,1,16,0,0,3,0,0,0,19
Chhattisgarh,2014,By Jumping off moving trains/vehicles,0,1,48,0,1,16,0,0,0,64
Chhattisgarh,2014,By Coming under running vehicles/trains,1,9,107,1,4,34,0,0,0,141
Chhattisgarh,2014,By touching electric wire,1,2,42,1,1,10,0,0,0,52
Chhattisgarh,2014,By Other means,7,24,181,8,6,103,0,0,0,284
Goa,2014,By consuming Sleeping Pills,0,0,1,0,0,0,0,0,0,1
Goa,2014,By Drowning,0,3,31,0,7,21,0,0,0,52
Goa,2014,By Fire/Self Immolation,0,0,4,0,1,6,0,0,0,10
Goa,2014,By Firearms,0,1,1,0,0,0,0,0,0,1
Goa,2014,By Hanging,1,13,151,2,3,51,0,0,0,202
Goa,2014,By Poison,0,0,12,0,0,7,0,0,0,19
Goa,2014,By Consuming Insecticides,0,0,2,0,0,3,0,0,0,5
Goa,2014,By Consuming other Poison,0,0,10,0,0,4,0,0,0,14
Goa,2014,By Self inflicting  Injury,0,0,0,0,0,0,0,0,0,0
Goa,2014,By Jumping from,0,0,2,0,0,2,0,0,0,4
Goa,2014,Building,0,0,1,0,0,1,0,0,0,2
Goa,2014,Other sites,0,0,1,0,0,1,0,0,0,2
Goa,2014,By Jumping off moving trains/vehicles,0,0,0,0,0,0,0,0,0,0
Goa,2014,By Coming under running vehicles/trains,0,0,0,0,0,0,0,0,0,0
Goa,2014,By touching electric wire,0,0,0,0,0,0,0,0,0,0
Goa,2014,By Other means,0,1,1,0,0,1,0,0,0,2
Gujarat,2014,By consuming Sleeping Pills,0,0,16,0,0,3,0,0,0,19
Gujarat,2014,By Drowning,1,18,382,3,6,166,0,0,0,548
Gujarat,2014,By Fire/Self Immolation,1,22,248,3,51,458,0,0,0,706
Gujarat,2014,By Firearms,0,3,29,0,3,14,0,0,0,43
Gujarat,2014,By Hanging,12,56,1657,10,21,827,0,0,0,2484
Gujarat,2014,By Poison,8,110,1435,8,50,831,0,0,0,2266
Gujarat,2014,By Consuming Insecticides,4,63,699,4,21,366,0,0,0,1065
Gujarat,2014,By Consuming other Poison,4,47,736,4,29,465,0,0,0,1201
Gujarat,2014,By Self inflicting  Injury,0,2,24,0,0,16,0,0,0,40
Gujarat,2014,By Jumping from,0,5,81,0,3,31,0,0,0,112
Gujarat,2014,Building,0,3,34,0,1,15,0,0,0,49
Gujarat,2014,Other sites,0,2,20,0,1,11,0,0,0,31
Gujarat,2014,By Jumping off moving trains/vehicles,0,0,27,0,1,5,0,0,0,32
Gujarat,2014,By Coming under running vehicles/trains,0,21,292,1,7,47,0,0,0,339
Gujarat,2014,By touching electric wire,0,0,15,0,0,2,0,0,0,17
Gujarat,2014,By Other means,6,33,424,1,19,227,0,0,0,651
Haryana,2014,By consuming Sleeping Pills,0,0,10,0,0,6,0,0,0,16
Haryana,2014,By Drowning,7,5,169,3,1,24,0,0,0,193
Haryana,2014,By Fire/Self Immolation,1,3,57,1,4,46,0,0,0,103
Haryana,2014,By Firearms,0,1,12,0,0,1,0,0,0,13
Haryana,2014,By Hanging,1,13,606,5,3,221,0,0,0,827
Haryana,2014,By Poison,4,42,463,1,5,203,0,0,0,666
Haryana,2014,By Consuming Insecticides,2,8,89,0,1,28,0,0,0,117
Haryana,2014,By Consuming other Poison,2,34,374,1,4,175,0,0,0,549
Haryana,2014,By Self inflicting  Injury,0,1,10,0,0,2,0,0,0,12
Haryana,2014,By Jumping from,1,3,62,0,0,16,0,0,0,78
Haryana,2014,Building,0,0,37,0,0,9,0,0,0,46
Haryana,2014,Other sites,1,1,20,0,0,6,0,0,0,26
Haryana,2014,By Jumping off moving trains/vehicles,0,2,5,0,0,1,0,0,0,6
Haryana,2014,By Coming under running vehicles/trains,1,1,44,1,0,3,0,0,0,47
Haryana,2014,By touching electric wire,1,3,66,0,0,8,0,0,0,74
Haryana,2014,By Other means,16,64,1023,7,12,151,0,0,0,1174
Himachal Pradesh,2014,By consuming Sleeping Pills,0,0,0,0,0,0,0,0,0,0
Himachal Pradesh,2014,By Drowning,0,0,12,0,0,13,0,0,0,25
Himachal Pradesh,2014,By Fire/Self Immolation,1,0,12,2,0,15,0,0,0,27
Himachal Pradesh,2014,By Firearms,0,0,3,0,0,0,0,0,0,3
Himachal Pradesh,2014,By Hanging,2,4,152,1,2,56,0,0,0,208
Himachal Pradesh,2014,By Poison,2,16,196,0,6,116,0,0,0,312
Himachal Pradesh,2014,By Consuming Insecticides,1,7,81,0,2,49,0,0,0,130
Himachal Pradesh,2014,By Consuming other Poison,1,9,115,0,4,67,0,0,0,182
Himachal Pradesh,2014,By Self inflicting  Injury,0,0,0,0,0,1,0,0,0,1
Himachal Pradesh,2014,By Jumping from,0,0,2,0,0,2,0,0,0,4
Himachal Pradesh,2014,Building,0,0,1,0,0,0,0,0,0,1
Himachal Pradesh,2014,Other sites,0,0,1,0,0,2,0,0,0,3
Himachal Pradesh,2014,By Jumping off moving trains/vehicles,0,0,0,0,0,0,0,0,0,0
Himachal Pradesh,2014,By Coming under running vehicles/trains,0,0,0,0,0,0,0,0,0,0
Himachal Pradesh,2014,By touching electric wire,0,0,0,0,0,4,0,0,0,4
Himachal Pradesh,2014,By Other means,1,2,19,1,5,41,0,0,0,60
Jammu & Kashmir,2014,By consuming Sleeping Pills,0,0,1,0,0,0,0,0,0,1
Jammu & Kashmir,2014,By Drowning,0,0,14,0,0,3,0,0,0,17
Jammu & Kashmir,2014,By Fire/Self Immolation,0,2,8,0,0,6,0,0,0,14
Jammu & Kashmir,2014,By Firearms,0,0,2,0,0,0,0,0,0,2
Jammu & Kashmir,2014,By Hanging,2,2,30,0,0,9,0,0,0,39
Jammu & Kashmir,2014,By Poison,1,1,45,0,0,61,0,0,0,106
Jammu & Kashmir,2014,By Consuming Insecticides,1,0,13,0,0,23,0,0,0,36
Jammu & Kashmir,2014,By Consuming other Poison,0,1,32,0,0,38,0,0,0,70
Jammu & Kashmir,2014,By Self inflicting  Injury,0,0,0,0,0,0,0,0,0,0
Jammu & Kashmir,2014,By Jumping from,0,0,2,0,0,3,0,0,0,5
Jammu & Kashmir,2014,Building,0,0,1,0,0,0,0,0,0,1
Jammu & Kashmir,2014,Other sites,0,0,0,0,0,3,0,0,0,3
Jammu & Kashmir,2014,By Jumping off moving trains/vehicles,0,0,1,0,0,0,0,0,0,1
Jammu & Kashmir,2014,By Coming under running vehicles/trains,0,0,5,0,0,1,0,0,0,6
Jammu & Kashmir,2014,By touching electric wire,0,0,1,0,0,1,0,0,0,2
Jammu & Kashmir,2014,By Other means,0,3,42,0,0,24,0,0,0,66
Jharkhand,2014,By consuming Sleeping Pills,0,0,6,0,0,2,0,0,0,8
Jharkhand,2014,By Drowning,2,2,66,2,1,24,0,0,0,90
Jharkhand,2014,By Fire/Self Immolation,0,0,4,0,0,5,0,0,0,9
Jharkhand,2014,By Firearms,0,0,0,0,0,0,0,0,0,0
Jharkhand,2014,By Hanging,3,9,453,8,9,213,0,0,0,666
Jharkhand,2014,By Poison,3,5,44,0,0,22,0,0,0,66
Jharkhand,2014,By Consuming Insecticides,1,5,27,0,0,11,0,0,0,38
Jharkhand,2014,By Consuming other Poison,2,0,17,0,0,11,0,0,0,28
Jharkhand,2014,By Self inflicting  Injury,1,2,6,0,0,3,0,0,0,9
Jharkhand,2014,By Jumping from,0,0,16,0,0,10,0,0,0,26
Jharkhand,2014,Building,0,0,3,0,0,4,0,0,0,7
Jharkhand,2014,Other sites,0,0,13,0,0,6,0,0,0,19
Jharkhand,2014,By Jumping off moving trains/vehicles,0,0,0,0,0,0,0,0,0,0
Jharkhand,2014,By Coming under running vehicles/trains,0,0,0,0,0,0,0,0,0,0
Jharkhand,2014,By touching electric wire,2,0,8,0,0,0,0,0,0,8
Jharkhand,2014,By Other means,10,7,287,14,2,131,0,0,0,418
Karnataka,2014,By consuming Sleeping Pills,0,3,11,0,1,11,0,0,0,22
Karnataka,2014,By Drowning,16,48,414,4,62,275,0,0,0,689
Karnataka,2014,By Fire/Self Immolation,0,13,246,1,15,225,0,0,0,471
Karnataka,2014,By Firearms,0,1,15,0,1,13,0,0,0,28
Karnataka,2014,By Hanging,11,185,3605,12,50,1276,0,0,2,4883
Karnataka,2014,By Poison,8,165,1953,9,38,777,0,0,0,2730
Karnataka,2014,By Consuming Insecticides,1,34,363,4,11,199,0,0,0,562
Karnataka,2014,By Consuming other Poison,7,131,1590,5,27,578,0,0,0,2168
Karnataka,2014,By Self inflicting  Injury,1,2,16,0,0,4,0,0,0,20
Karnataka,2014,By Jumping from,0,1,18,0,2,4,0,0,0,22
Karnataka,2014,Building,0,1,11,0,1,2,0,0,0,13
Karnataka,2014,Other sites,0,0,5,0,1,2,0,0,0,7
Karnataka,2014,By Jumping off moving trains/vehicles,0,0,2,0,0,0,0,0,0,2
Karnataka,2014,By Coming under running vehicles/trains,0,0,13,0,0,4,0,0,0,17
Karnataka,2014,By touching electric wire,2,0,8,0,0,2,0,0,0,10
Karnataka,2014,By Other means,16,59,1385,13,22,668,0,0,0,2053
Kerala,2014,By consuming Sleeping Pills,0,8,28,0,4,29,0,0,0,57
Kerala,2014,By Drowning,4,63,243,1,76,207,0,0,0,450
Kerala,2014,By Fire/Self Immolation,0,20,94,3,71,270,0,0,0,364
Kerala,2014,By Firearms,0,1,1,0,0,1,0,0,0,2
Kerala,2014,By Hanging,21,898,4616,16,169,1077,0,0,0,5693
Kerala,2014,By Poison,4,261,1050,2,83,323,0,0,0,1373
Kerala,2014,By Consuming Insecticides,2,94,387,0,32,120,0,0,0,507
Kerala,2014,By Consuming other Poison,2,167,663,2,51,203,0,0,0,866
Kerala,2014,By Self inflicting  Injury,0,7,22,0,1,3,0,0,0,25
Kerala,2014,By Jumping from,1,2,23,0,4,13,0,0,0,36
Kerala,2014,Building,0,1,3,0,1,5,0,0,0,8
Kerala,2014,Other sites,0,1,5,0,0,0,0,0,0,5
Kerala,2014,By Jumping off moving trains/vehicles,1,0,15,0,3,8,0,0,0,23
Kerala,2014,By Coming under running vehicles/trains,0,47,175,1,8,42,0,0,0,217
Kerala,2014,By touching electric wire,0,0,7,0,1,4,0,0,0,11
Kerala,2014,By Other means,0,26,153,0,18,65,0,0,0,218
Madhya Pradesh,2014,By consuming Sleeping Pills,0,5,85,0,0,41,0,0,0,126
Madhya Pradesh,2014,By Drowning,10,25,364,12,21,289,0,0,0,653
Madhya Pradesh,2014,By Fire/Self Immolation,1,12,220,6,25,630,0,0,0,850
Madhya Pradesh,2014,By Firearms,1,2,71,0,0,13,0,0,0,84
Madhya Pradesh,2014,By Hanging,29,158,2608,21,44,1423,0,0,0,4031
Madhya Pradesh,2014,By Poison,22,65,1348,15,38,997,0,0,0,2345
Madhya Pradesh,2014,By Consuming Insecticides,11,37,642,8,21,495,0,0,0,1137
Madhya Pradesh,2014,By Consuming other Poison,11,28,706,7,17,502,0,0,0,1208
Madhya Pradesh,2014,By Self inflicting  Injury,0,0,5,0,0,31,0,0,0,36
Madhya Pradesh,2014,By Jumping from,0,2,33,0,2,17,0,0,0,50
Madhya Pradesh,2014,Building,0,1,12,0,2,5,0,0,0,17
Madhya Pradesh,2014,Other sites,0,0,8,0,0,4,0,0,0,12
Madhya Pradesh,2014,By Jumping off moving trains/vehicles,0,1,13,0,0,8,0,0,0,21
Madhya Pradesh,2014,By Coming under running vehicles/trains,0,3,36,0,0,14,0,0,0,50
Madhya Pradesh,2014,By touching electric wire,0,0,68,0,0,11,0,0,0,79
Madhya Pradesh,2014,By Other means,23,25,503,5,6,232,0,0,0,735
Maharashtra,2014,By consuming Sleeping Pills,0,2,17,1,1,12,0,0,0,29
Maharashtra,2014,By Drowning,5,103,752,4,71,524,0,0,0,1276
Maharashtra,2014,By Fire/Self Immolation,2,57,579,8,54,759,0,0,0,1338
Maharashtra,2014,By Firearms,0,2,44,0,0,5,0,0,0,49
Maharashtra,2014,By Hanging,25,436,6262,46,71,1800,0,0,3,8065
Maharashtra,2014,By Poison,9,367,3613,9,85,1192,0,0,0,4805
Maharashtra,2014,By Consuming Insecticides,1,270,2429,7,48,710,0,0,0,3139
Maharashtra,2014,By Consuming other Poison,8,97,1184,2,37,482,0,0,0,1666
Maharashtra,2014,By Self inflicting  Injury,0,2,35,0,2,7,0,0,0,42
Maharashtra,2014,By Jumping from,0,21,190,0,9,76,0,0,0,266
Maharashtra,2014,Building,0,10,79,0,8,51,0,0,0,130
Maharashtra,2014,Other sites,0,1,35,0,0,7,0,0,0,42
Maharashtra,2014,By Jumping off moving trains/vehicles,0,10,76,0,1,18,0,0,0,94
Maharashtra,2014,By Coming under running vehicles/trains,0,13,125,0,2,26,0,0,0,151
Maharashtra,2014,By touching electric wire,2,1,14,0,0,15,0,0,0,29
Maharashtra,2014,By Other means,2,29,197,2,8,60,0,0,0,257
Manipur,2014,By consuming Sleeping Pills,0,0,0,0,0,0,0,0,0,0
Manipur,2014,By Drowning,0,0,0,0,0,0,0,0,0,0
Manipur,2014,By Fire/Self Immolation,0,0,0,0,0,0,0,0,0,0
Manipur,2014,By Firearms,0,0,3,0,0,0,0,0,0,3
Manipur,2014,By Hanging,2,1,19,1,0,16,0,0,0,35
Manipur,2014,By Poison,0,0,4,0,0,2,0,0,0,6
Manipur,2014,By Consuming Insecticides,0,0,0,0,0,0,0,0,0,0
Manipur,2014,By Consuming other Poison,0,0,4,0,0,2,0,0,0,6
Manipur,2014,By Self inflicting  Injury,0,0,0,0,0,0,0,0,0,0
Manipur,2014,By Jumping from,0,0,0,0,0,0,0,0,0,0
Manipur,2014,Building,0,0,0,0,0,0,0,0,0,0
Manipur,2014,Other sites,0,0,0,0,0,0,0,0,0,0
Manipur,2014,By Jumping off moving trains/vehicles,0,0,0,0,0,0,0,0,0,0
Manipur,2014,By Coming under running vehicles/trains,0,0,0,0,0,0,0,0,0,0
Manipur,2014,By touching electric wire,0,0,0,0,0,0,0,0,0,0
Manipur,2014,By Other means,0,0,5,0,0,1,0,0,0,6
Meghalaya,2014,By consuming Sleeping Pills,0,0,0,0,0,0,0,0,0,0
Meghalaya,2014,By Drowning,0,0,6,0,0,0,0,0,0,6
Meghalaya,2014,By Fire/Self Immolation,0,0,0,0,0,2,0,0,0,2
Meghalaya,2014,By Firearms,0,0,0,0,0,0,0,0,0,0
Meghalaya,2014,By Hanging,2,4,66,3,1,18,0,0,0,84
Meghalaya,2014,By Poison,0,0,0,0,0,1,0,0,0,1
Meghalaya,2014,By Consuming Insecticides,0,0,0,0,0,0,0,0,0,0
Meghalaya,2014,By Consuming other Poison,0,0,0,0,0,1,0,0,0,1
Meghalaya,2014,By Self inflicting  Injury,0,0,0,0,0,0,0,0,0,0
Meghalaya,2014,By Jumping from,0,0,2,0,0,0,0,0,0,2
Meghalaya,2014,Building,0,0,0,0,0,0,0,0,0,0
Meghalaya,2014,Other sites,0,0,2,0,0,0,0,0,0,2
Meghalaya,2014,By Jumping off moving trains/vehicles,0,0,0,0,0,0,0,0,0,0
Meghalaya,2014,By Coming under running vehicles/trains,0,0,0,0,0,0,0,0,0,0
Meghalaya,2014,By touching electric wire,0,0,0,0,0,0,0,0,0,0
Meghalaya,2014,By Other means,0,0,1,0,0,3,0,0,0,4
Mizoram,2014,By consuming Sleeping Pills,0,0,0,0,0,0,0,0,0,0
Mizoram,2014,By Drowning,0,0,0,0,0,0,0,0,0,0
Mizoram,2014,By Fire/Self Immolation,0,0,0,0,0,0,0,0,0,0
Mizoram,2014,By Firearms,0,0,2,0,0,0,0,0,0,2
Mizoram,2014,By Hanging,4,5,97,0,1,16,0,0,0,113
Mizoram,2014,By Poison,0,0,0,0,0,0,0,0,0,0
Mizoram,2014,By Consuming Insecticides,0,0,0,0,0,0,0,0,0,0
Mizoram,2014,By Consuming other Poison,0,0,0,0,0,0,0,0,0,0
Mizoram,2014,By Self inflicting  Injury,0,0,0,0,0,0,0,0,0,0
Mizoram,2014,By Jumping from,0,0,0,0,0,0,0,0,0,0
Mizoram,2014,Building,0,0,0,0,0,0,0,0,0,0
Mizoram,2014,Other sites,0,0,0,0,0,0,0,0,0,0
Mizoram,2014,By Jumping off moving trains/vehicles,0,0,0,0,0,0,0,0,0,0
Mizoram,2014,By Coming under running vehicles/trains,0,0,0,0,0,0,0,0,0,0
Mizoram,2014,By touching electric wire,0,0,0,0,0,0,0,0,0,0
Mizoram,2014,By Other means,0,0,1,0,0,0,0,0,0,1
Nagaland,2014,By consuming Sleeping Pills,0,0,0,0,0,0,0,0,0,0
Nagaland,2014,By Drowning,0,0,0,0,0,0,0,0,0,0
Nagaland,2014,By Fire/Self Immolation,0,0,0,0,0,0,0,0,0,0
Nagaland,2014,By Firearms,0,0,0,0,0,0,0,0,0,0
Nagaland,2014,By Hanging,0,1,7,0,0,4,0,0,0,11
Nagaland,2014,By Poison,0,0,0,0,0,0,0,0,0,0
Nagaland,2014,By Consuming Insecticides,0,0,0,0,0,0,0,0,0,0
Nagaland,2014,By Consuming other Poison,0,0,0,0,0,0,0,0,0,0
Nagaland,2014,By Self inflicting  Injury,0,0,0,0,0,0,0,0,0,0
Nagaland,2014,By Jumping from,0,0,1,0,0,0,0,0,0,1
Nagaland,2014,Building,0,0,1,0,0,0,0,0,0,1
Nagaland,2014,Other sites,0,0,0,0,0,0,0,0,0,0
Nagaland,2014,By Jumping off moving trains/vehicles,0,0,0,0,0,0,0,0,0,0
Nagaland,2014,By Coming under running vehicles/trains,0,0,0,0,0,0,0,0,0,0
Nagaland,2014,By touching electric wire,0,0,0,0,0,0,0,0,0,0
Nagaland,2014,By Other means,0,0,1,0,0,0,0,0,0,1
Odisha,2014,By consuming Sleeping Pills,0,2,24,0,3,28,0,0,0,52
Odisha,2014,By Drowning,5,7,100,10,3,63,0,0,0,163
Odisha,2014,By Fire/Self Immolation,1,0,30,2,1,56,0,0,0,86
Odisha,2014,By Firearms,0,0,6,0,0,0,0,0,0,6
Odisha,2014,By Hanging,1,17,703,8,14,567,0,0,0,1270
Odisha,2014,By Poison,4,53,834,2,10,667,0,0,0,1501
Odisha,2014,By Consuming Insecticides,0,9,211,0,1,136,0,0,0,347
Odisha,2014,By Consuming other Poison,4,44,623,2,9,531,0,0,0,1154
Odisha,2014,By Self inflicting  Injury,0,1,18,0,0,0,0,0,0,18
Odisha,2014,By Jumping from,0,1,21,0,4,10,0,0,0,31
Odisha,2014,Building,0,0,2,0,0,0,0,0,0,2
Odisha,2014,Other sites,0,0,9,0,4,6,0,0,0,15
Odisha,2014,By Jumping off moving trains/vehicles,0,1,10,0,0,4,0,0,0,14
Odisha,2014,By Coming under running vehicles/trains,0,11,82,0,3,17,0,0,0,99
Odisha,2014,By touching electric wire,0,1,7,0,0,1,0,0,0,8
Odisha,2014,By Other means,14,71,503,14,14,423,0,0,0,926
Punjab,2014,By consuming Sleeping Pills,0,0,1,0,0,0,0,0,0,1
Punjab,2014,By Drowning,1,2,14,0,0,10,0,0,0,24
Punjab,2014,By Fire/Self Immolation,0,1,8,0,0,6,0,0,0,14
Punjab,2014,By Firearms,0,0,16,0,0,3,0,0,0,19
Punjab,2014,By Hanging,2,5,232,1,1,112,0,0,0,344
Punjab,2014,By Poison,1,0,84,0,1,55,0,0,0,139
Punjab,2014,By Consuming Insecticides,1,0,38,0,0,19,0,0,0,57
Punjab,2014,By Consuming other Poison,0,0,46,0,1,36,0,0,0,82
Punjab,2014,By Self inflicting  Injury,0,0,1,0,0,2,0,0,0,3
Punjab,2014,By Jumping from,0,0,1,0,0,0,0,0,0,1
Punjab,2014,Building,0,0,1,0,0,0,0,0,0,1
Punjab,2014,Other sites,0,0,0,0,0,0,0,0,0,0
Punjab,2014,By Jumping off moving trains/vehicles,0,0,0,0,0,0,0,0,0,0
Punjab,2014,By Coming under running vehicles/trains,1,18,337,0,5,42,0,0,0,379
Punjab,2014,By touching electric wire,0,0,1,0,0,0,0,0,0,1
Punjab,2014,By Other means,0,0,15,1,0,3,0,0,0,18
Rajasthan,2014,By consuming Sleeping Pills,0,5,35,0,2,9,0,0,0,44
Rajasthan,2014,By Drowning,6,10,221,4,1,79,0,0,0,300
Rajasthan,2014,By Fire/Self Immolation,2,2,100,3,1,101,0,0,0,201
Rajasthan,2014,By Firearms,0,1,11,0,0,1,0,0,0,12
Rajasthan,2014,By Hanging,6,29,1099,7,1,384,0,0,0,1483
Rajasthan,2014,By Poison,4,21,389,4,6,178,0,0,0,567
Rajasthan,2014,By Consuming Insecticides,1,10,154,1,2,70,0,0,0,224
Rajasthan,2014,By Consuming other Poison,3,11,235,3,4,108,0,0,0,343
Rajasthan,2014,By Self inflicting  Injury,0,0,1,0,0,0,0,0,0,1
Rajasthan,2014,By Jumping from,1,9,173,1,3,37,0,0,0,210
Rajasthan,2014,Building,0,1,21,0,0,5,0,0,0,26
Rajasthan,2014,Other sites,1,5,81,1,2,22,0,0,0,103
Rajasthan,2014,By Jumping off moving trains/vehicles,0,3,71,0,1,10,0,0,0,81
Rajasthan,2014,By Coming under running vehicles/trains,1,9,83,0,0,14,0,0,0,97
Rajasthan,2014,By touching electric wire,5,2,115,0,1,18,0,0,0,133
Rajasthan,2014,By Other means,17,53,1008,16,14,403,0,0,0,1411
Sikkim,2014,By consuming Sleeping Pills,0,0,0,0,0,0,0,0,0,0
Sikkim,2014,By Drowning,1,0,6,0,0,2,0,0,0,8
Sikkim,2014,By Fire/Self Immolation,0,0,1,1,0,2,0,0,0,3
Sikkim,2014,By Firearms,0,0,0,0,0,1,0,0,0,1
Sikkim,2014,By Hanging,4,7,121,4,4,66,0,0,0,187
Sikkim,2014,By Poison,0,0,2,0,0,2,0,0,0,4
Sikkim,2014,By Consuming Insecticides,0,0,1,0,0,1,0,0,0,2
Sikkim,2014,By Consuming other Poison,0,0,1,0,0,1,0,0,0,2
Sikkim,2014,By Self inflicting  Injury,0,0,1,0,0,0,0,0,0,1
Sikkim,2014,By Jumping from,0,0,1,0,0,0,0,0,0,1
Sikkim,2014,Building,0,0,0,0,0,0,0,0,0,0
Sikkim,2014,Other sites,0,0,1,0,0,0,0,0,0,1
Sikkim,2014,By Jumping off moving trains/vehicles,0,0,0,0,0,0,0,0,0,0
Sikkim,2014,By Coming under running vehicles/trains,0,0,0,0,0,0,0,0,0,0
Sikkim,2014,By touching electric wire,0,0,0,0,0,0,0,0,0,0
Sikkim,2014,By Other means,1,2,29,1,0,10,0,0,0,39
Tamil Nadu,2014,By consuming Sleeping Pills,0,4,26,0,2,27,0,0,0,53
Tamil Nadu,2014,By Drowning,24,34,351,19,25,189,0,0,0,540
Tamil Nadu,2014,By Fire/Self Immolation,12,49,745,19,89,1045,0,0,0,1790
Tamil Nadu,2014,By Firearms,0,0,0,0,0,6,0,0,0,6
Tamil Nadu,2014,By Hanging,9,270,4283,19,73,1615,0,0,4,5902
Tamil Nadu,2014,By Poison,12,479,3898,16,132,1577,0,0,0,5475
Tamil Nadu,2014,By Consuming Insecticides,0,167,1221,0,35,491,0,0,0,1712
Tamil Nadu,2014,By Consuming other Poison,12,312,2677,16,97,1086,0,0,0,3763
Tamil Nadu,2014,By Self inflicting  Injury,0,3,18,0,2,11,0,0,0,29
Tamil Nadu,2014,By Jumping from,0,2,40,0,1,11,0,0,0,51
Tamil Nadu,2014,Building,0,0,20,0,1,3,0,0,0,23
Tamil Nadu,2014,Other sites,0,2,18,0,0,6,0,0,0,24
Tamil Nadu,2014,By Jumping off moving trains/vehicles,0,0,2,0,0,2,0,0,0,4
Tamil Nadu,2014,By Coming under running vehicles/trains,0,45,291,0,7,62,0,0,0,353
Tamil Nadu,2014,By touching electric wire,4,5,52,0,2,7,0,0,0,59
Tamil Nadu,2014,By Other means,40,137,1259,98,63,605,0,0,0,1864
Telangana,2014,By consuming Sleeping Pills,0,0,11,1,2,12,0,0,0,23
Telangana,2014,By Drowning,3,22,440,3,44,216,0,0,0,656
Telangana,2014,By Fire/Self Immolation,4,22,409,5,21,424,0,0,0,833
Telangana,2014,By Firearms,0,0,11,0,1,1,0,0,0,12
Telangana,2014,By Hanging,4,159,2136,9,53,729,0,0,0,2865
Telangana,2014,By Poison,8,295,2539,13,204,1197,0,0,0,3736
Telangana,2014,By Consuming Insecticides,4,216,1518,8,171,843,0,0,0,2361
Telangana,2014,By Consuming other Poison,4,79,1021,5,33,354,0,0,0,1375
Telangana,2014,By Self inflicting  Injury,0,2,21,0,0,18,0,0,0,39
Telangana,2014,By Jumping from,0,8,49,0,3,30,0,0,0,79
Telangana,2014,Building,0,1,21,0,1,9,0,0,0,30
Telangana,2014,Other sites,0,7,28,0,2,18,0,0,0,46
Telangana,2014,By Jumping off moving trains/vehicles,0,0,0,0,0,3,0,0,0,3
Telangana,2014,By Coming under running vehicles/trains,0,25,479,2,3,58,0,0,0,537
Telangana,2014,By touching electric wire,1,2,36,0,0,29,0,0,0,65
Telangana,2014,By Other means,5,85,538,5,18,240,0,0,0,778
Tripura,2014,By consuming Sleeping Pills,0,0,2,0,0,0,0,0,0,2
Tripura,2014,By Drowning,0,0,17,0,0,1,0,0,0,18
Tripura,2014,By Fire/Self Immolation,0,3,7,1,4,43,0,0,0,50
Tripura,2014,By Firearms,0,0,4,0,0,0,0,0,0,4
Tripura,2014,By Hanging,10,23,296,3,10,131,0,0,0,427
Tripura,2014,By Poison,2,5,74,2,1,44,0,0,0,118
Tripura,2014,By Consuming Insecticides,0,1,10,0,1,6,0,0,0,16
Tripura,2014,By Consuming other Poison,2,4,64,2,0,38,0,0,0,102
Tripura,2014,By Self inflicting  Injury,0,0,4,0,0,0,0,0,0,4
Tripura,2014,By Jumping from,0,0,0,0,1,5,0,0,0,5
Tripura,2014,Building,0,0,0,0,0,0,0,0,0,0
Tripura,2014,Other sites,0,0,0,0,1,5,0,0,0,5
Tripura,2014,By Jumping off moving trains/vehicles,0,0,0,0,0,0,0,0,0,0
Tripura,2014,By Coming under running vehicles/trains,0,0,7,0,1,7,0,0,0,14
Tripura,2014,By touching electric wire,1,0,15,0,1,3,0,0,0,18
Tripura,2014,By Other means,1,13,66,1,0,36,0,0,0,102
Uttar Pradesh,2014,By consuming Sleeping Pills,0,0,27,0,0,2,0,0,0,29
Uttar Pradesh,2014,By Drowning,1,5,97,5,6,65,0,0,0,162
Uttar Pradesh,2014,By Fire/Self Immolation,2,1,66,3,0,200,0,0,1,267
Uttar Pradesh,2014,By Firearms,0,1,42,0,0,84,0,0,0,126
Uttar Pradesh,2014,By Hanging,14,23,959,21,6,626,0,0,0,1585
Uttar Pradesh,2014,By Poison,2,9,265,1,2,173,0,0,0,438
Uttar Pradesh,2014,By Consuming Insecticides,1,1,79,0,0,45,0,0,0,124
Uttar Pradesh,2014,By Consuming other Poison,1,8,186,1,2,128,0,0,0,314
Uttar Pradesh,2014,By Self inflicting  Injury,5,2,39,0,0,12,0,0,0,51
Uttar Pradesh,2014,By Jumping from,1,6,96,1,5,28,0,0,0,124
Uttar Pradesh,2014,Building,0,1,32,0,0,5,0,0,0,37
Uttar Pradesh,2014,Other sites,0,4,31,0,4,9,0,0,0,40
Uttar Pradesh,2014,By Jumping off moving trains/vehicles,1,1,33,1,1,14,0,0,0,47
Uttar Pradesh,2014,By Coming under running vehicles/trains,1,2,22,0,0,9,0,0,0,31
Uttar Pradesh,2014,By touching electric wire,1,1,49,1,0,2,0,0,0,51
Uttar Pradesh,2014,By Other means,16,23,437,7,7,284,0,0,5,726
Uttarakhand,2014,By consuming Sleeping Pills,0,0,0,0,0,0,0,0,0,0
Uttarakhand,2014,By Drowning,0,1,6,0,0,1,0,0,0,7
Uttarakhand,2014,By Fire/Self Immolation,0,0,0,0,0,0,0,0,0,0
Uttarakhand,2014,By Firearms,0,0,2,0,0,0,0,0,0,2
Uttarakhand,2014,By Hanging,1,3,40,1,0,23,0,0,0,63
Uttarakhand,2014,By Poison,0,2,40,0,0,19,0,0,0,59
Uttarakhand,2014,By Consuming Insecticides,0,1,13,0,0,3,0,0,0,16
Uttarakhand,2014,By Consuming other Poison,0,1,27,0,0,16,0,0,0,43
Uttarakhand,2014,By Self inflicting  Injury,0,0,7,0,0,0,0,0,0,7
Uttarakhand,2014,By Jumping from,0,0,6,0,0,2,0,0,0,8
Uttarakhand,2014,Building,0,0,0,0,0,0,0,0,0,0
Uttarakhand,2014,Other sites,0,0,6,0,0,2,0,0,0,8
Uttarakhand,2014,By Jumping off moving trains/vehicles,0,0,0,0,0,0,0,0,0,0
Uttarakhand,2014,By Coming under running vehicles/trains,0,0,4,0,0,2,0,0,0,6
Uttarakhand,2014,By touching electric wire,0,0,0,0,0,0,0,0,0,0
Uttarakhand,2014,By Other means,0,0,46,0,0,9,0,0,0,55
West Bengal,2014,By consuming Sleeping Pills,0,6,31,2,3,32,0,0,0,63
West Bengal,2014,By Drowning,131,23,497,17,2,207,0,0,0,704
West Bengal,2014,By Fire/Self Immolation,4,10,237,2,18,469,0,0,0,706
West Bengal,2014,By Firearms,0,0,10,0,0,0,0,0,0,10
West Bengal,2014,By Hanging,16,239,3153,28,87,1861,0,0,0,5014
West Bengal,2014,By Poison,13,107,1557,14,37,1096,0,0,0,2653
West Bengal,2014,By Consuming Insecticides,7,41,529,7,16,349,0,0,0,878
West Bengal,2014,By Consuming other Poison,6,66,1028,7,21,747,0,0,0,1775
West Bengal,2014,By Self inflicting  Injury,0,0,91,0,0,71,0,0,0,162
West Bengal,2014,By Jumping from,0,4,61,0,0,43,0,0,0,104
West Bengal,2014,Building,0,0,0,0,0,8,0,0,0,8
West Bengal,2014,Other sites,0,4,15,0,0,8,0,0,0,23
West Bengal,2014,By Jumping off moving trains/vehicles,0,0,46,0,0,27,0,0,0,73
West Bengal,2014,By Coming under running vehicles/trains,1,12,128,0,6,61,0,0,0,189
West Bengal,2014,By touching electric wire,4,1,30,3,0,24,0,0,0,54
West Bengal,2014,By Other means,34,149,3091,36,51,1560,0,0,0,4651
A & N Islands,2014,By consuming Sleeping Pills,0,0,0,0,0,0,0,0,0,0
A & N Islands,2014,By Drowning,0,0,2,0,0,1,0,0,0,3
A & N Islands,2014,By Fire/Self Immolation,0,0,0,0,0,0,0,0,0,0
A & N Islands,2014,By Firearms,0,0,0,0,0,0,0,0,0,0
A & N Islands,2014,By Hanging,1,19,106,0,4,33,0,0,0,139
A & N Islands,2014,By Poison,0,0,4,1,1,2,0,0,0,6
A & N Islands,2014,By Consuming Insecticides,0,0,2,0,0,0,0,0,0,2
A & N Islands,2014,By Consuming other Poison,0,0,2,1,1,2,0,0,0,4
A & N Islands,2014,By Self inflicting  Injury,0,0,0,0,0,0,0,0,0,0
A & N Islands,2014,By Jumping from,0,0,1,0,0,0,0,0,0,1
A & N Islands,2014,Building,0,0,0,0,0,0,0,0,0,0
A & N Islands,2014,Other sites,0,0,0,0,0,0,0,0,0,0
A & N Islands,2014,By Jumping off moving trains/vehicles,0,0,1,0,0,0,0,0,0,1
A & N Islands,2014,By Coming under running vehicles/trains,0,0,0,0,0,0,0,0,0,0
A & N Islands,2014,By touching electric wire,0,0,0,0,0,0,0,0,0,0
A & N Islands,2014,By Other means,0,0,2,1,1,4,0,0,0,6
Chandigarh,2014,By consuming Sleeping Pills,0,0,1,0,0,0,0,0,0,1
Chandigarh,2014,By Drowning,0,0,1,0,0,1,0,0,0,2
Chandigarh,2014,By Fire/Self Immolation,0,0,4,0,0,5,0,0,0,9
Chandigarh,2014,By Firearms,0,0,3,0,0,0,0,0,0,3
Chandigarh,2014,By Hanging,0,0,46,0,0,28,0,0,0,74
Chandigarh,2014,By Poison,0,1,11,0,0,4,0,0,0,15
Chandigarh,2014,By Consuming Insecticides,0,0,0,0,0,0,0,0,0,0
Chandigarh,2014,By Consuming other Poison,0,1,11,0,0,4,0,0,0,15
Chandigarh,2014,By Self inflicting  Injury,0,0,0,0,0,0,0,0,0,0
Chandigarh,2014,By Jumping from,0,0,0,0,0,1,0,0,0,1
Chandigarh,2014,Building,0,0,0,0,0,1,0,0,0,1
Chandigarh,2014,Other sites,0,0,0,0,0,0,0,0,0,0
Chandigarh,2014,By Jumping off moving trains/vehicles,0,0,0,0,0,0,0,0,0,0
Chandigarh,2014,By Coming under running vehicles/trains,0,0,0,0,0,0,0,0,0,0
Chandigarh,2014,By touching electric wire,0,0,0,0,0,0,0,0,0,0
Chandigarh,2014,By Other means,0,0,0,0,0,0,0,0,0,0
D&N Haveli,2014,By consuming Sleeping Pills,0,0,0,0,0,0,0,0,0,0
D&N Haveli,2014,By Drowning,0,0,0,0,0,0,0,0,0,0
D&N Haveli,2014,By Fire/Self Immolation,0,0,0,0,0,0,0,0,0,0
D&N Haveli,2014,By Firearms,0,0,0,0,0,0,0,0,0,0
D&N Haveli,2014,By Hanging,1,3,34,0,2,22,0,0,0,56
D&N Haveli,2014,By Poison,0,2,11,0,0,9,0,0,0,20
D&N Haveli,2014,By Consuming Insecticides,0,2,5,0,0,6,0,0,0,11
D&N Haveli,2014,By Consuming other Poison,0,0,6,0,0,3,0,0,0,9
D&N Haveli,2014,By Self inflicting  Injury,0,0,0,0,0,0,0,0,0,0
D&N Haveli,2014,By Jumping from,0,0,0,0,0,0,0,0,0,0
D&N Haveli,2014,Building,0,0,0,0,0,0,0,0,0,0
D&N Haveli,2014,Other sites,0,0,0,0,0,0,0,0,0,0
D&N Haveli,2014,By Jumping off moving trains/vehicles,0,0,0,0,0,0,0,0,0,0
D&N Haveli,2014,By Coming under running vehicles/trains,0,0,0,0,0,0,0,0,0,0
D&N Haveli,2014,By touching electric wire,0,0,0,0,0,0,0,0,0,0
D&N Haveli,2014,By Other means,0,0,0,0,0,0,0,0,0,0
Daman & Diu,2014,By consuming Sleeping Pills,0,0,0,0,0,0,0,0,0,0
Daman & Diu,2014,By Drowning,0,0,0,0,0,0,0,0,0,0
Daman & Diu,2014,By Fire/Self Immolation,0,0,0,0,0,1,0,0,0,1
Daman & Diu,2014,By Firearms,0,0,0,0,0,0,0,0,0,0
Daman & Diu,2014,By Hanging,0,1,20,0,0,4,0,0,0,24
Daman & Diu,2014,By Poison,0,0,2,0,0,0,0,0,0,2
Daman & Diu,2014,By Consuming Insecticides,0,0,0,0,0,0,0,0,0,0
Daman & Diu,2014,By Consuming other Poison,0,0,2,0,0,0,0,0,0,2
Daman & Diu,2014,By Self inflicting  Injury,0,0,0,0,0,0,0,0,0,0
Daman & Diu,2014,By Jumping from,0,0,0,0,0,0,0,0,0,0
Daman & Diu,2014,Building,0,0,0,0,0,0,0,0,0,0
Daman & Diu,2014,Other sites,0,0,0,0,0,0,0,0,0,0
Daman & Diu,2014,By Jumping off moving trains/vehicles,0,0,0,0,0,0,0,0,0,0
Daman & Diu,2014,By Coming under running vehicles/trains,0,0,0,0,0,0,0,0,0,0
Daman & Diu,2014,By touching electric wire,0,0,0,0,0,0,0,0,0,0
Daman & Diu,2014,By Other means,0,0,0,0,0,0,0,0,0,0
Delhi UT,2014,By consuming Sleeping Pills,0,3,17,0,0,8,0,0,0,25
Delhi UT,2014,By Drowning,0,0,4,0,0,1,0,0,0,5
Delhi UT,2014,By Fire/Self Immolation,0,1,22,0,0,12,0,0,0,34
Delhi UT,2014,By Firearms,0,0,18,0,0,3,0,0,0,21
Delhi UT,2014,By Hanging,12,29,908,17,4,449,0,0,0,1357
Delhi UT,2014,By Poison,0,4,102,1,0,61,0,0,0,163
Delhi UT,2014,By Consuming Insecticides,0,3,22,1,0,11,0,0,0,33
Delhi UT,2014,By Consuming other Poison,0,1,80,0,0,50,0,0,0,130
Delhi UT,2014,By Self inflicting  Injury,0,0,19,0,0,2,0,0,0,21
Delhi UT,2014,By Jumping from,0,2,18,0,2,25,0,0,0,43
Delhi UT,2014,Building,0,2,11,0,2,21,0,0,0,32
Delhi UT,2014,Other sites,0,0,2,0,0,2,0,0,0,4
Delhi UT,2014,By Jumping off moving trains/vehicles,0,0,5,0,0,2,0,0,0,7
Delhi UT,2014,By Coming under running vehicles/trains,0,0,1,0,0,1,0,0,0,2
Delhi UT,2014,By touching electric wire,0,0,6,0,0,5,0,0,0,11
Delhi UT,2014,By Other means,6,16,309,5,18,104,0,0,0,413
Lakshadweep,2014,By consuming Sleeping Pills,0,0,0,0,0,0,0,0,0,0
Lakshadweep,2014,By Drowning,0,0,0,0,0,0,0,0,0,0
Lakshadweep,2014,By Fire/Self Immolation,0,0,0,0,0,0,0,0,0,0
Lakshadweep,2014,By Firearms,0,0,0,0,0,0,0,0,0,0
Lakshadweep,2014,By Hanging,0,0,2,0,0,1,0,0,0,3
Lakshadweep,2014,By Poison,0,0,0,0,0,0,0,0,0,0
Lakshadweep,2014,By Consuming Insecticides,0,0,0,0,0,0,0,0,0,0
Lakshadweep,2014,By Consuming other Poison,0,0,0,0,0,0,0,0,0,0
Lakshadweep,2014,By Self inflicting  Injury,0,0,0,0,0,0,0,0,0,0
Lakshadweep,2014,By Jumping from,0,0,0,0,0,0,0,0,0,0
Lakshadweep,2014,Building,0,0,0,0,0,0,0,0,0,0
Lakshadweep,2014,Other sites,0,0,0,0,0,0,0,0,0,0
Lakshadweep,2014,By Jumping off moving trains/vehicles,0,0,0,0,0,0,0,0,0,0
Lakshadweep,2014,By Coming under running vehicles/trains,0,0,0,0,0,0,0,0,0,0
Lakshadweep,2014,By touching electric wire,0,0,0,0,0,0,0,0,0,0
Lakshadweep,2014,By Other means,0,0,0,0,0,0,0,0,0,0
Puducherry,2014,By consuming Sleeping Pills,0,0,0,0,0,0,0,0,0,0
Puducherry,2014,By Drowning,2,2,13,0,0,2,0,0,0,15
Puducherry,2014,By Fire/Self Immolation,0,1,7,1,1,10,0,0,0,17
Puducherry,2014,By Firearms,0,0,0,0,0,0,0,0,0,0
Puducherry,2014,By Hanging,1,17,273,0,17,98,0,0,0,371
Puducherry,2014,By Poison,0,4,36,0,0,11,0,0,0,47
Puducherry,2014,By Consuming Insecticides,0,0,10,0,0,5,0,0,0,15
Puducherry,2014,By Consuming other Poison,0,4,26,0,0,6,0,0,0,32
Puducherry,2014,By Self inflicting  Injury,0,0,3,0,0,7,0,0,0,10
Puducherry,2014,By Jumping from,0,1,7,0,0,0,0,0,0,7
Puducherry,2014,Building,0,0,1,0,0,0,0,0,0,1
Puducherry,2014,Other sites,0,0,0,0,0,0,0,0,0,0
Puducherry,2014,By Jumping off moving trains/vehicles,0,1,6,0,0,0,0,0,0,6
Puducherry,2014,By Coming under running vehicles/trains,0,0,0,0,0,0,0,0,0,0
Puducherry,2014,By touching electric wire,0,0,1,0,0,0,0,0,0,1
Puducherry,2014,By Other means,1,44,152,0,2,24,0,0,0,176
Total (States),2014,By consuming Sleeping Pills,0,40,425,5,21,263,0,0,0,688
Total (States),2014,By Drowning,226,397,4745,91,341,2656,0,0,0,7401
Total (States),2014,By Fire/Self Immolation,38,231,3512,72,392,5548,0,0,1,9061
Total (States),2014,By Firearms,1,16,325,0,7,158,0,0,0,483
Total (States),2014,By Hanging,220,2741,38021,251,679,14996,0,0,9,53026
Total (States),2014,By Poison,127,2236,22962,120,779,11039,0,0,0,34001
Total (States),2014,By Consuming Insecticides,43,1076,9767,47,401,4513,0,0,0,14280
Total (States),2014,By Consuming other Poison,84,1160,13195,73,378,6526,0,0,0,19721
Total (States),2014,By Self inflicting  Injury,7,29,341,0,7,194,0,0,0,535
Total (States),2014,By Jumping from,4,67,987,2,38,369,0,0,0,1356
Total (States),2014,Building,0,20,297,0,15,125,0,0,0,422
Total (States),2014,Other sites,2,28,332,1,15,124,0,0,0,456
Total (States),2014,By Jumping off moving trains/vehicles,2,19,358,1,8,120,0,0,0,478
Total (States),2014,By Coming under running vehicles/trains,6,279,2861,6,54,523,0,0,1,3385
Total (States),2014,By touching electric wire,24,19,597,5,6,143,0,0,0,740
Total (States),2014,By Other means,222,902,12187,243,278,5693,0,0,5,17885
Total (UTs),2014,By consuming Sleeping Pills,0,3,18,0,0,8,0,0,0,26
Total (UTs),2014,By Drowning,2,2,20,0,0,5,0,0,0,25
Total (UTs),2014,By Fire/Self Immolation,0,2,33,1,1,28,0,0,0,61
Total (UTs),2014,By Firearms,0,0,21,0,0,3,0,0,0,24
Total (UTs),2014,By Hanging,15,69,1389,17,27,635,0,0,0,2024
Total (UTs),2014,By Poison,0,11,166,2,1,87,0,0,0,253
Total (UTs),2014,By Consuming Insecticides,0,5,39,1,0,22,0,0,0,61
Total (UTs),2014,By Consuming other Poison,0,6,127,1,1,65,0,0,0,192
Total (UTs),2014,By Self inflicting  Injury,0,0,22,0,0,9,0,0,0,31
Total (UTs),2014,By Jumping from,0,3,26,0,2,26,0,0,0,52
Total (UTs),2014,Building,0,2,12,0,2,22,0,0,0,34
Total (UTs),2014,Other sites,0,0,2,0,0,2,0,0,0,4
Total (UTs),2014,By Jumping off moving trains/vehicles,0,1,12,0,0,2,0,0,0,14
Total (UTs),2014,By Coming under running vehicles/trains,0,0,1,0,0,1,0,0,0,2
Total (UTs),2014,By touching electric wire,0,0,7,0,0,5,0,0,0,12
Total (UTs),2014,By Other means,7,60,463,6,21,132,0,0,0,595
Total (All India),2014,By consuming Sleeping Pills,0,43,443,5,21,271,0,0,0,714
Total (All India),2014,By Drowning,228,399,4765,91,341,2661,0,0,0,7426
Total (All India),2014,By Fire/Self Immolation,38,233,3545,73,393,5576,0,0,1,9122
Total (All India),2014,By Firearms,1,16,346,0,7,161,0,0,0,507
Total (All India),2014,By Hanging,235,2810,39410,268,706,15631,0,0,9,55050
Total (All India),2014,By Poison,127,2247,23128,122,780,11126,0,0,0,34254
Total (All India),2014,By Consuming Insecticides,43,1081,9806,48,401,4535,0,0,0,14341
Total (All India),2014,By Consuming other Poison,84,1166,13322,74,379,6591,0,0,0,19913
Total (All India),2014,By Self inflicting  Injury,7,29,363,0,7,203,0,0,0,566
Total (All India),2014,By Jumping from,4,70,1013,2,40,395,0,0,0,1408
Total (All India),2014,Building,0,22,309,0,17,147,0,0,0,456
Total (All India),2014,Other sites,2,28,334,1,15,126,0,0,0,460
Total (All India),2014,By Jumping off moving trains/vehicles,2,20,370,1,8,122,0,0,0,492
Total (All India),2014,By Coming under running vehicles/trains,6,279,2862,6,54,524,0,0,1,3387
Total (All India),2014,By touching electric wire,24,19,604,5,6,148,0,0,0,752
Total (All India),2014,By Other means,229,962,12650,249,299,5825,0,0,5,18480
